time,T_glycol_in,T_water_in,m_flow_glycol,m_flow_water
50.0,80.0,20.0,1.0,2.0
100.0,90.0,20.0,1.0,2.0
150.0,60.0,20.0,1.0,2.0
200.0,80.0,10.0,1.0,2.0
250.0,80.0,40.0,1.0,2.0
300.0,80.0,20.0,0.5,2.0
350.0,80.0,20.0,2.0,2.0
400.0,80.0,20.0,1.0,1.0
450.0,80.0,20.0,1.0,3.0
500.0,90.0,10.0,2.0,4.0
